Chimera Number,Parent 1 Schema,Parent 2 Schema,Parent 1 Schema Normed,Parent 2 Schema Normed
2,11,13,6.203488372093023,5.777777777777778
6,5,8,2.8197674418604652,3.5555555555555554
19,11,14,6.203488372093023,6.222222222222222
22,13,23,7.3313953488372094,10.222222222222221
23,17,18,9.587209302325581,8.0
28,29,42,16.3546511627907,18.666666666666668
36,23,32,12.97093023255814,14.222222222222221
